{
  "IsEncrypted": false,
  "Values": {
    "AzureWebJobsStorage": "DefaultEndpointsProtocol=https;AccountName=avdreplacementplnto5l54;EndpointSuffix=core.windows.net;AccountKey=z+YL9j8G6FveHVk+gLbuKsu2vJx8oD0VN9i8hhOQ37zAuvBwKjSF+LEaRWGrtSqEzXpKdXhUf8Z1+AStUGlqBg==",
    "FUNCTIONS_WORKER_RUNTIME_VERSION": "7.2",
    "FUNCTIONS_WORKER_RUNTIME": "powershell",
    "FUNCTIONS_EXTENSION_VERSION": "~4",
    "WEBSITE_CONTENTAZUREFILECONNECTIONSTRING": "DefaultEndpointsProtocol=https;AccountName=avdreplacementplnto5l54;EndpointSuffix=core.windows.net;AccountKey=z+YL9j8G6FveHVk+gLbuKsu2vJx8oD0VN9i8hhOQ37zAuvBwKjSF+LEaRWGrtSqEzXpKdXhUf8Z1+AStUGlqBg==",
    "APPINSIGHTS_INSTRUMENTATIONKEY": "7380ee9d-18c0-446a-a96e-42f3f296806b",
    "WEBSITE_CONTENTSHARE": "func-avd-replacementplan-01",
    "_Tag_IncludeInAutomation": "IncludeInAutoReplace",
    "_Tag_DeployTimestamp": "AutoReplaceDeployTimestamp",
    "_TargetVMAgeDays": "45",
    "_MaxVMAgeDays": "32",
    "_StorageAccountName": "avdreplacementplnto5l54",
    "_SessionHostDeploymentsTableName": "SessionHostDeployments",
    "_WorkspaceID": "80a1fec1-9a41-4933-bba2-8422b4a0fe9e",
    "_WorkspaceKey": "C4czKxlTXRFLuTr2/dvko/ffW1Zxatpbp/Eo529+AEG1PG1mDeG320GFkZkg45GrVzHdGzIj+tGjArcjbVG3Eg==",
    "_HostPoolResourceGroupName": "rg-avd-weu-avd1-service-objects",
    "_HostPoolName": "vdpool-weu-avd1-001",
    "_SubscriptionId": "2cc55a8e-7e60-4bba-b1e1-2241e5249d46",
    "_FixSessionHostTags": "true",
    "_SHRDeploymentPrefix": "AVDSessionHostReplacer",
    "_TargetSessionHostCount": "1",
    "_MaxSimultaneousDeployments": "20",
    "_Tag_PendingDrainTimestamp": "AutoReplacePendingDrainTimestamp",
    "_Tag_ScalingPlanExclusionTag": "ScalingPlanExclusion",
    "_DrainGracePeriodHours": "24",
    "_SessionHostNamePrefix": "vm-avd-avd1",
    "_SessionHostTemplate": "/subscriptions/2cc55a8e-7e60-4bba-b1e1-2241e5249d46/resourceGroups/rg-avd-weu-avd1-service-objects/providers/Microsoft.Resources/templateSpecs/spec-weu-avd1-001/versions/1.0.0",
    "_SessionHostParameters": "{\"ImageReference\":{\"publisher\":\"MicrosoftWindowsDesktop\",\"offer\":\"Windows-11\",\"sku\":\"win11-22h2-avd\",\"version\":\"latest\"},\"avdAgentPackageLocation\":\"https://wvdportalstorageblob.blob.core.windows.net/galleryartifacts/Configuration_09-08-2022.zip\",\"avdTimeZone\":\"Central Europe Standard Time\",\"avdApplicationSecurityGroupResourceId\":\"/subscriptions/2cc55a8e-7e60-4bba-b1e1-2241e5249d46/resourceGroups/rg-avd-weu-avd1-pool-compute/providers/Microsoft.Network/applicationSecurityGroups/asg-avd-weu-avd1-001\",\"createIntuneEnrollment\":true,\"avdAvailabilitySetNamePrefix\":\"avail-avd-weu-avd1\",\"avdComputeObjectsRgName\":\"rg-avd-weu-avd1-pool-compute\",\"avdDeploySessionHostsCount\":1,\"avdSessionHostCountIndex\":0,\"avdServiceObjectsRgName\":\"rg-avd-weu-avd1-service-objects\",\"avdHostPoolName\":\"vdpool-weu-avd1-001\",\"avdIdentityDomainName\":\"\",\"avdImageTemplateDefinitionId\":\"\",\"avdSessionHostDiskType\":\"StandardSSD_LRS\",\"avdSessionHostLocation\":\"WestEurope\",\"avdSessionHostNamePrefix\":\"vm-avd-avd1\",\"avdSessionHostsSize\":\"Standard_D2s_v3\",\"enableAcceleratedNetworking\":true,\"securityType\":\"\",\"secureBootEnabled\":true,\"vTpmEnabled\":true,\"createAvdVnet\":true,\"avdUseAvailabilityZones\":true,\"avdVmLocalUserName\":\"AVDADmin\",\"avdWorkloadSubsId\":\"2cc55a8e-7e60-4bba-b1e1-2241e5249d46\",\"encryptionAtHost\":false,\"createAvdFslogixDeployment\":false,\"fslogixManagedIdentityResourceId\":\"\",\"fsLogixScript\":\"\",\"FsLogixScriptArguments\":\"\",\"fslogixScriptUri\":\"\",\"FslogixSharePath\":\"\",\"marketPlaceGalleryWindows\":{\"publisher\":\"MicrosoftWindowsDesktop\",\"offer\":\"Windows-11\",\"sku\":\"win11-22h2-avd\",\"version\":\"latest\"},\"useSharedImage\":false,\"Tags\":{\"cm-resource-parent\":\"/subscriptions/2cc55a8e-7e60-4bba-b1e1-2241e5249d46}/resourceGroups/rg-avd-weu-avd1-service-objects/providers/Microsoft.DesktopVirtualization/hostpools/vdpool-weu-avd1-001\"},\"avdDeployMonitoring\":true,\"avdAlaWorkspaceResourceId\":\"/subscriptions/2cc55a8e-7e60-4bba-b1e1-2241e5249d46/resourceGroups/rg-avd-weu-monitoring/providers/Microsoft.OperationalInsights/workspaces/log-avd-weu\",\"avdDiagnosticLogsRetentionInDays\":90,\"DomainJoinObject\":{\"DomainType\":\"AzureActiveDirectory\"},\"DomainJoinPassword\":null}",
    "_ADOrganizationalUnitPath": "",
    "_SubnetId": "/subscriptions/2cc55a8e-7e60-4bba-b1e1-2241e5249d46/resourceGroups/rg-avd-weu-avd1-network/providers/Microsoft.Network/virtualNetworks/vnet-avd-weu-avd1-001/subnets/snet-avd-weu-avd1-001",
    "_SessionHostInstanceNumberPadding": "2",
    "_ReplaceSessionHostOnNewImageVersion": "true",
    "_ReplaceSessionHostOnNewImageVersionDelayDays": "0",
    "_AllowDownsizing": "true",
    "WEBSITE_RUN_FROM_PACKAGE": "1"
  }
}