{
  "IsEncrypted": false,
  "Values": {
    "AzureWebJobsStorage": "DefaultEndpointsProtocol=https;AccountName=stavdreplacehost;EndpointSuffix=core.windows.net;AccountKey=XWijPslvWJtZDX4nA9btKZpgxTIxaFKpnVJzNu8wzZzItzG1YP09XiEUgvn8Fy+QCLa+Dj3joZGl+ASt2dbMhg==",
    "FUNCTIONS_WORKER_RUNTIME_VERSION": "7.2",
    "FUNCTIONS_WORKER_RUNTIME": "powershell",
    "FUNCTIONS_EXTENSION_VERSION": "~4",
    "WEBSITE_CONTENTAZUREFILECONNECTIONSTRING": "DefaultEndpointsProtocol=https;AccountName=stavdreplacehost;EndpointSuffix=core.windows.net;AccountKey=XWijPslvWJtZDX4nA9btKZpgxTIxaFKpnVJzNu8wzZzItzG1YP09XiEUgvn8Fy+QCLa+Dj3joZGl+ASt2dbMhg==",
    "APPINSIGHTS_INSTRUMENTATIONKEY": "bf876885-380c-4c95-8d4f-7ba4058ab2e2",
    "WEBSITE_CONTENTSHARE": "func-avdreplacehost-weu-001",
    "_Tag_IncludeInAutomation": "IncludeInAutoReplace",
    "_Tag_DeployTimestamp": "AutoReplaceDeployTimestamp",
    "_TargetVMAgeDays": "30",
    "_MaxVMAgeDays": "32",
    "_StorageAccountName": "stavdreplacehost",
    "_SessionHostDeploymentsTableName": "SessionHostDeployments",
    "_WorkspaceID": "694dd6e6-c0c0-4891-b4d5-7adee9469f84",
    "_WorkspaceKey": "Em1NUYmTf/FD5kVJdMhvmSpc7ErXrg/BmR4nkLOoFMq2MS2b7nHt5DFqvDgbH6nSmP+lEzHEAeMVC+5Z0TzX5w==",
    "_HostPoolResourceGroupName": "A1TVDI01",
    "_HostPoolName": "KIPIC-WE",
    "_SubscriptionId": "3499fb03-2a71-4296-ba87-6e140b0540f6",
    "_FixSessionHostTags": true,
    "_SHRDeploymentPrefix": "AVDSessionHostReplacer",
    "_TargetSessionHostCount" : "3",
    "_MaxSimultaneousDeployments": "2",
    "_Tag_PendingDrainTimestamp": "AutoReplacePendingDrainTimestamp",
    "_Tag_ScalingPlanExclusionTag" : " ",
    "_DrainGracePeriodHours": 24,
    "_SessionHostNamePrefix" : "AVD-WE-D01"
  }
}